{"cameraMode":{"drawMode":0,"name":"Shaded","section":"Shading Mode"},"sceneLighting":true,"audioPlay":false,"sceneViewState":{"m_AlwaysRefresh":false,"showFog":true,"showSkybox":true,"showFlares":true,"showImageEffects":true,"showParticleSystems":true,"showVisualEffectGraphs":true,"m_FxEnabled":true},"in2DMode":false,"pivot":{"x":153.34266662597657,"y":-24.018707275390626,"z":104.67266845703125},"rotation":{"x":0.21868306398391725,"y":0.017564665526151658,"z":-0.003932134713977575,"w":0.9756363034248352},"size":186.99061584472657,"orthographic":false}